DELETE FROM public.user_answers;
DELETE FROM public.exam_attempts;
DELETE FROM public.certificates;
DELETE FROM public.lesson_completions;
DELETE FROM public.enrollments;
DELETE FROM public.course_reviews;
DELETE FROM public.lesson_comments;
DELETE FROM public.questions;
DELETE FROM public.exams;
DELETE FROM public.lessons;
DELETE FROM public.modules;
DELETE FROM public.courses;
DELETE FROM public.otp_codes;
DELETE FROM public.users;

INSERT INTO public.users (id, full_name, gsm_number, email, password_hash, role, bio, expertise, interests, is_gsm_verified, created_at, updated_at) VALUES
('00000000-0000-0000-0000-000000000001', 'Admin Kullanıcı', '905551111111', 'admin@educell.com', '123456_hash', 'admin', 'EduCell platform yöneticisi.', NULL, NULL, true, '2026-05-15 10:00:00', '2026-05-15 10:00:00'),
('00000000-0000-0000-0000-000000000002', 'Eğitmen Kullanıcı', '905552222222', 'egitmen@educell.com', '123456_hash', 'instructor', 'Yazılım, siber güvenlik ve mobil geliştirme eğitmeni.', 'Python, Siber Güvenlik, Mobil Uygulama', NULL, true, '2026-05-15 10:00:00', '2026-05-15 10:00:00'),
('00000000-0000-0000-0000-000000000003', 'Öğrenci Kullanıcı', '905553333333', 'ogrenci@educell.com', '123456_hash', 'student', 'EduCell öğrencisi.', NULL, 'Python, Siber Güvenlik, Mobil Uygulama', true, '2026-05-15 10:00:00', '2026-05-15 10:00:00');

INSERT INTO public.otp_codes (id, gsm_number, code, is_used, expires_at, created_at) VALUES
('01000000-0000-0000-0000-000000000001', '905553333333', '1234', false, '2026-12-31 23:59:59', '2026-05-15 10:00:00');

INSERT INTO public.courses (id, instructor_id, title, description, category, level, cover_image_url, estimated_duration_min, status, order_index, created_at, updated_at) VALUES
('10000000-0000-0000-0000-000000000001', '00000000-0000-0000-0000-000000000002', 'Python Temelleri', 'Sıfırdan Python programlama öğrenme kursu.', 'Yazılım', 'beginner', 'https://example.com/covers/python-temelleri.jpg', 540, 'published', 1, '2026-05-15 10:01:00', '2026-05-15 10:01:00'),
('10000000-0000-0000-0000-000000000002', '00000000-0000-0000-0000-000000000002', 'Siber Güvenlik Temelleri', 'Siber güvenlik kavramları, ağ güvenliği ve web güvenliği temelleri.', 'Siber Güvenlik', 'intermediate', 'https://example.com/covers/siber-guvenlik-temelleri.jpg', 540, 'published', 2, '2026-05-15 10:01:00', '2026-05-15 10:01:00'),
('10000000-0000-0000-0000-000000000003', '00000000-0000-0000-0000-000000000002', 'Mobil Uygulama Geliştirme', 'Modern mobil uygulama geliştirme süreçlerini temel seviyeden öğrenin.', 'Mobil', 'beginner', 'https://example.com/covers/mobil-uygulama-gelistirme.jpg', 540, 'published', 3, '2026-05-15 10:01:00', '2026-05-15 10:01:00');

INSERT INTO public.modules (id, course_id, title, description, order_index, created_at, updated_at) VALUES
('20000000-0000-0000-0000-000000000001', '10000000-0000-0000-0000-000000000001', 'Python''a Giriş', 'Python programlama diline giriş modülü.', 1, '2026-05-15 10:02:00', '2026-05-15 10:02:00'),
('20000000-0000-0000-0000-000000000002', '10000000-0000-0000-0000-000000000001', 'Kontrol Yapıları ve Fonksiyonlar', 'Koşullar, döngüler ve fonksiyon temelleri.', 2, '2026-05-15 10:02:00', '2026-05-15 10:02:00'),
('20000000-0000-0000-0000-000000000003', '10000000-0000-0000-0000-000000000001', 'Veri Yapıları ve Dosyalar', 'Liste, sözlük, tuple ve dosya işlemleri.', 3, '2026-05-15 10:02:00', '2026-05-15 10:02:00'),
('20000000-0000-0000-0000-000000000004', '10000000-0000-0000-0000-000000000002', 'Siber Güvenliğe Giriş', 'Temel güvenlik kavramları ve tehdit türleri.', 1, '2026-05-15 10:02:00', '2026-05-15 10:02:00'),
('20000000-0000-0000-0000-000000000005', '10000000-0000-0000-0000-000000000002', 'Ağ Güvenliği Temelleri', 'Ağ protokolleri, firewall ve trafik analizi.', 2, '2026-05-15 10:02:00', '2026-05-15 10:02:00'),
('20000000-0000-0000-0000-000000000006', '10000000-0000-0000-0000-000000000002', 'Web Uygulama Güvenliği', 'Web açıkları ve güvenli geliştirme ilkeleri.', 3, '2026-05-15 10:02:00', '2026-05-15 10:02:00'),
('20000000-0000-0000-0000-000000000007', '10000000-0000-0000-0000-000000000003', 'Mobil Geliştirmeye Giriş', 'Mobil ekosistem, araçlar ve proje yapısı.', 1, '2026-05-15 10:02:00', '2026-05-15 10:02:00'),
('20000000-0000-0000-0000-000000000008', '10000000-0000-0000-0000-000000000003', 'Flutter ile Arayüz Tasarımı', 'Widget yapısı, layout ve tema kullanımı.', 2, '2026-05-15 10:02:00', '2026-05-15 10:02:00'),
('20000000-0000-0000-0000-000000000009', '10000000-0000-0000-0000-000000000003', 'Mobil API Entegrasyonu', 'HTTP istekleri, JSON ve durum yönetimi.', 3, '2026-05-15 10:02:00', '2026-05-15 10:02:00');

INSERT INTO public.lessons (id, module_id, title, content, video_url, estimated_duration_min, order_index, created_at, updated_at) VALUES
('30000000-0000-0000-0000-000000000001', '20000000-0000-0000-0000-000000000001', 'Python Nedir?', 'Python; okunabilirliği yüksek, çok amaçlı bir programlama dilidir.', 'https://example.com/lessons/python-nedir', 20, 1, '2026-05-15 10:03:00', '2026-05-15 10:03:00'),
('30000000-0000-0000-0000-000000000002', '20000000-0000-0000-0000-000000000001', 'Python Kurulumu', 'Python kurulumu ve geliştirme ortamı hazırlanır.', 'https://example.com/lessons/python-kurulumu', 25, 2, '2026-05-15 10:03:00', '2026-05-15 10:03:00'),
('30000000-0000-0000-0000-000000000003', '20000000-0000-0000-0000-000000000001', 'İlk Python Programı', 'Ekrana çıktı verme ve temel kod yapısı anlatılır.', 'https://example.com/lessons/ilk-python-programi', 30, 3, '2026-05-15 10:03:00', '2026-05-15 10:03:00'),
('30000000-0000-0000-0000-000000000004', '20000000-0000-0000-0000-000000000002', 'Koşullu İfadeler', 'if, elif ve else blokları örneklerle işlenir.', 'https://example.com/lessons/kosullu-ifadeler', 20, 1, '2026-05-15 10:03:00', '2026-05-15 10:03:00'),
('30000000-0000-0000-0000-000000000005', '20000000-0000-0000-0000-000000000002', 'Döngüler', 'for ve while döngüleriyle tekrar eden işlemler anlatılır.', 'https://example.com/lessons/donguler', 25, 2, '2026-05-15 10:03:00', '2026-05-15 10:03:00'),
('30000000-0000-0000-0000-000000000006', '20000000-0000-0000-0000-000000000002', 'Fonksiyonlar', 'Fonksiyon tanımlama, parametre ve dönüş değeri konuları işlenir.', 'https://example.com/lessons/fonksiyonlar', 30, 3, '2026-05-15 10:03:00', '2026-05-15 10:03:00'),
('30000000-0000-0000-0000-000000000007', '20000000-0000-0000-0000-000000000003', 'Listeler ve Tuple', 'Sıralı veri yapıları ve temel işlemler anlatılır.', 'https://example.com/lessons/listeler-tuple', 20, 1, '2026-05-15 10:03:00', '2026-05-15 10:03:00'),
('30000000-0000-0000-0000-000000000008', '20000000-0000-0000-0000-000000000003', 'Sözlükler ve Kümeler', 'Anahtar-değer yapıları ve küme işlemleri işlenir.', 'https://example.com/lessons/sozlukler-kumeler', 25, 2, '2026-05-15 10:03:00', '2026-05-15 10:03:00'),
('30000000-0000-0000-0000-000000000009', '20000000-0000-0000-0000-000000000003', 'Dosya İşlemleri', 'Dosya okuma, yazma ve kaynak yönetimi anlatılır.', 'https://example.com/lessons/dosya-islemleri', 30, 3, '2026-05-15 10:03:00', '2026-05-15 10:03:00'),
('30000000-0000-0000-0000-000000000010', '20000000-0000-0000-0000-000000000004', 'Siber Güvenlik Nedir?', 'Gizlilik, bütünlük ve erişilebilirlik kavramları tanıtılır.', 'https://example.com/lessons/siber-guvenlik-nedir', 20, 1, '2026-05-15 10:03:00', '2026-05-15 10:03:00'),
('30000000-0000-0000-0000-000000000011', '20000000-0000-0000-0000-000000000004', 'Tehdit ve Zafiyetler', 'Tehdit aktörleri, zafiyet ve risk kavramları işlenir.', 'https://example.com/lessons/tehdit-zafiyetler', 25, 2, '2026-05-15 10:03:00', '2026-05-15 10:03:00'),
('30000000-0000-0000-0000-000000000012', '20000000-0000-0000-0000-000000000004', 'Güvenlik Politikaları', 'Kurumsal güvenlik politikalarının temel bileşenleri anlatılır.', 'https://example.com/lessons/guvenlik-politikalari', 30, 3, '2026-05-15 10:03:00', '2026-05-15 10:03:00'),
('30000000-0000-0000-0000-000000000013', '20000000-0000-0000-0000-000000000005', 'Ağ Temelleri', 'TCP/IP, portlar ve temel ağ kavramları tanıtılır.', 'https://example.com/lessons/ag-temelleri', 20, 1, '2026-05-15 10:03:00', '2026-05-15 10:03:00'),
('30000000-0000-0000-0000-000000000014', '20000000-0000-0000-0000-000000000005', 'Firewall Kullanımı', 'Firewall kuralları ve temel erişim kontrolü anlatılır.', 'https://example.com/lessons/firewall-kullanimi', 25, 2, '2026-05-15 10:03:00', '2026-05-15 10:03:00'),
('30000000-0000-0000-0000-000000000015', '20000000-0000-0000-0000-000000000005', 'Trafik Analizi', 'Paket yakalama ve trafik analizi temelleri işlenir.', 'https://example.com/lessons/trafik-analizi', 30, 3, '2026-05-15 10:03:00', '2026-05-15 10:03:00'),
('30000000-0000-0000-0000-000000000016', '20000000-0000-0000-0000-000000000006', 'OWASP Top 10', 'Yaygın web güvenlik riskleri tanıtılır.', 'https://example.com/lessons/owasp-top-10', 20, 1, '2026-05-15 10:03:00', '2026-05-15 10:03:00'),
('30000000-0000-0000-0000-000000000017', '20000000-0000-0000-0000-000000000006', 'SQL Injection', 'SQL Injection zafiyeti ve korunma yöntemleri anlatılır.', 'https://example.com/lessons/sql-injection', 25, 2, '2026-05-15 10:03:00', '2026-05-15 10:03:00'),
('30000000-0000-0000-0000-000000000018', '20000000-0000-0000-0000-000000000006', 'XSS ve CSRF', 'XSS ve CSRF saldırı türleri örneklerle işlenir.', 'https://example.com/lessons/xss-csrf', 30, 3, '2026-05-15 10:03:00', '2026-05-15 10:03:00'),
('30000000-0000-0000-0000-000000000019', '20000000-0000-0000-0000-000000000007', 'Mobil Ekosistem', 'Android, iOS ve çapraz platform geliştirme seçenekleri tanıtılır.', 'https://example.com/lessons/mobil-ekosistem', 20, 1, '2026-05-15 10:03:00', '2026-05-15 10:03:00'),
('30000000-0000-0000-0000-000000000020', '20000000-0000-0000-0000-000000000007', 'Geliştirme Araçları', 'Editör, SDK ve emülatör kurulumu anlatılır.', 'https://example.com/lessons/gelistirme-araclari', 25, 2, '2026-05-15 10:03:00', '2026-05-15 10:03:00'),
('30000000-0000-0000-0000-000000000021', '20000000-0000-0000-0000-000000000007', 'İlk Mobil Proje', 'Basit bir mobil proje oluşturma adımları işlenir.', 'https://example.com/lessons/ilk-mobil-proje', 30, 3, '2026-05-15 10:03:00', '2026-05-15 10:03:00'),
('30000000-0000-0000-0000-000000000022', '20000000-0000-0000-0000-000000000008', 'Widget Mantığı', 'Flutter widget yapısı ve ağaç modeli anlatılır.', 'https://example.com/lessons/widget-mantigi', 20, 1, '2026-05-15 10:03:00', '2026-05-15 10:03:00'),
('30000000-0000-0000-0000-000000000023', '20000000-0000-0000-0000-000000000008', 'Layout Bileşenleri', 'Row, Column ve Container kullanımı işlenir.', 'https://example.com/lessons/layout-bilesenleri', 25, 2, '2026-05-15 10:03:00', '2026-05-15 10:03:00'),
('30000000-0000-0000-0000-000000000024', '20000000-0000-0000-0000-000000000008', 'Tema ve Stil', 'Renk, tipografi ve tema yönetimi anlatılır.', 'https://example.com/lessons/tema-stil', 30, 3, '2026-05-15 10:03:00', '2026-05-15 10:03:00'),
('30000000-0000-0000-0000-000000000025', '20000000-0000-0000-0000-000000000009', 'HTTP İstekleri', 'Mobil uygulamada API çağrısı yapma temelleri işlenir.', 'https://example.com/lessons/http-istekleri', 20, 1, '2026-05-15 10:03:00', '2026-05-15 10:03:00'),
('30000000-0000-0000-0000-000000000026', '20000000-0000-0000-0000-000000000009', 'JSON Parse Etme', 'JSON verisini modele dönüştürme anlatılır.', 'https://example.com/lessons/json-parse-etme', 25, 2, '2026-05-15 10:03:00', '2026-05-15 10:03:00'),
('30000000-0000-0000-0000-000000000027', '20000000-0000-0000-0000-000000000009', 'Durum Yönetimi', 'Basit state yönetimi ve ekran güncelleme akışı işlenir.', 'https://example.com/lessons/durum-yonetimi', 30, 3, '2026-05-15 10:03:00', '2026-05-15 10:03:00');

INSERT INTO public.exams (id, module_id, title, description, time_limit_min, passing_score, question_count, shuffle, max_attempts, created_at, updated_at) VALUES
('40000000-0000-0000-0000-000000000001', '20000000-0000-0000-0000-000000000001', 'Python''a Giriş Sınavı', 'Python giriş modülü değerlendirme sınavı.', 20, 70, 10, true, 3, '2026-05-15 10:04:00', '2026-05-15 10:04:00'),
('40000000-0000-0000-0000-000000000002', '20000000-0000-0000-0000-000000000002', 'Kontrol Yapıları ve Fonksiyonlar Sınavı', 'Kontrol yapıları ve fonksiyonlar değerlendirme sınavı.', 20, 70, 10, true, 3, '2026-05-15 10:04:00', '2026-05-15 10:04:00'),
('40000000-0000-0000-0000-000000000003', '20000000-0000-0000-0000-000000000003', 'Veri Yapıları ve Dosyalar Sınavı', 'Veri yapıları ve dosya işlemleri değerlendirme sınavı.', 20, 70, 10, true, 3, '2026-05-15 10:04:00', '2026-05-15 10:04:00'),
('40000000-0000-0000-0000-000000000004', '20000000-0000-0000-0000-000000000004', 'Siber Güvenliğe Giriş Sınavı', 'Temel siber güvenlik kavramları değerlendirme sınavı.', 20, 70, 10, true, 3, '2026-05-15 10:04:00', '2026-05-15 10:04:00'),
('40000000-0000-0000-0000-000000000005', '20000000-0000-0000-0000-000000000005', 'Ağ Güvenliği Temelleri Sınavı', 'Ağ güvenliği temelleri değerlendirme sınavı.', 20, 70, 10, true, 3, '2026-05-15 10:04:00', '2026-05-15 10:04:00'),
('40000000-0000-0000-0000-000000000006', '20000000-0000-0000-0000-000000000006', 'Web Uygulama Güvenliği Sınavı', 'Web uygulama güvenliği değerlendirme sınavı.', 20, 70, 10, true, 3, '2026-05-15 10:04:00', '2026-05-15 10:04:00'),
('40000000-0000-0000-0000-000000000007', '20000000-0000-0000-0000-000000000007', 'Mobil Geliştirmeye Giriş Sınavı', 'Mobil geliştirme giriş modülü değerlendirme sınavı.', 20, 70, 10, true, 3, '2026-05-15 10:04:00', '2026-05-15 10:04:00'),
('40000000-0000-0000-0000-000000000008', '20000000-0000-0000-0000-000000000008', 'Flutter ile Arayüz Tasarımı Sınavı', 'Flutter arayüz tasarımı değerlendirme sınavı.', 20, 70, 10, true, 3, '2026-05-15 10:04:00', '2026-05-15 10:04:00'),
('40000000-0000-0000-0000-000000000009', '20000000-0000-0000-0000-000000000009', 'Mobil API Entegrasyonu Sınavı', 'Mobil API entegrasyonu değerlendirme sınavı.', 20, 70, 10, true, 3, '2026-05-15 10:04:00', '2026-05-15 10:04:00');

INSERT INTO public.questions (id, exam_id, type, text, options, order_index, created_at, updated_at) VALUES
('50000000-0000-0000-0000-000000000001', '40000000-0000-0000-0000-000000000001', 'MULTIPLE_CHOICE', 'Python hangi tür bir dildir?', '[{"id": "A", "text": "Yüksek seviyeli, yorumlanan ve çok amaçlı bir programlama dili", "is_correct": true}, {"id": "B", "text": "Yalnızca makine koduna doğrudan yazılan düşük seviyeli dil", "is_correct": false}, {"id": "C", "text": "İşaretleme (markup) dili", "is_correct": false}, {"id": "D", "text": "Yalnızca veritabanı şeması tanımlayan deklaratif dil", "is_correct": false}]'::jsonb, 1, '2026-05-15 10:05:00', '2026-05-15 10:05:00'),
('50000000-0000-0000-0000-000000000002', '40000000-0000-0000-0000-000000000001', 'MULTIPLE_CHOICE', 'Python dosya uzantısı hangisidir?', '[{"id": "A", "text": ".py", "is_correct": true}, {"id": "B", "text": ".java", "is_correct": false}, {"id": "C", "text": ".exe", "is_correct": false}, {"id": "D", "text": ".html", "is_correct": false}]'::jsonb, 2, '2026-05-15 10:05:00', '2026-05-15 10:05:00'),
('50000000-0000-0000-0000-000000000003', '40000000-0000-0000-0000-000000000001', 'TRUE_FALSE', 'Python yorumlanan bir dildir.', '[{"id": "A", "text": "İfade doğrudur", "is_correct": true}, {"id": "B", "text": "İfade yanlıştır", "is_correct": false}, {"id": "C", "text": "—", "is_correct": false}, {"id": "D", "text": "—", "is_correct": false}]'::jsonb, 3, '2026-05-15 10:05:00', '2026-05-15 10:05:00'),
('50000000-0000-0000-0000-000000000004', '40000000-0000-0000-0000-000000000001', 'MULTI_SELECT', 'Python hangi alanlarda kullanılabilir?', '[{"id": "A", "text": "Web geliştirme ve otomasyon", "is_correct": true}, {"id": "B", "text": "Yalnızca BIOS ayarları", "is_correct": false}, {"id": "C", "text": "Veri bilimi ve yapay zeka", "is_correct": true}, {"id": "D", "text": "Yalnızca yazıcı sürücüsü yazımı", "is_correct": false}]'::jsonb, 4, '2026-05-15 10:05:00', '2026-05-15 10:05:00'),
('50000000-0000-0000-0000-000000000005', '40000000-0000-0000-0000-000000000001', 'MULTIPLE_CHOICE', 'print fonksiyonu ne için kullanılır?', '[{"id": "A", "text": "Çıktıyı konsola veya standart çıktıya yazdırmak", "is_correct": true}, {"id": "B", "text": "Dosyayı silmek", "is_correct": false}, {"id": "C", "text": "Modül içe aktarmak", "is_correct": false}, {"id": "D", "text": "Hata ayıklayıcıyı kapatmak", "is_correct": false}]'::jsonb, 5, '2026-05-15 10:05:00', '2026-05-15 10:05:00'),
('50000000-0000-0000-0000-000000000006', '40000000-0000-0000-0000-000000000001', 'TRUE_FALSE', 'Python yalnızca mobil uygulama geliştirmek için kullanılır.', '[{"id": "A", "text": "İfade doğrudur", "is_correct": false}, {"id": "B", "text": "İfade yanlıştır", "is_correct": true}, {"id": "C", "text": "—", "is_correct": false}, {"id": "D", "text": "—", "is_correct": false}]'::jsonb, 6, '2026-05-15 10:05:00', '2026-05-15 10:05:00'),
('50000000-0000-0000-0000-000000000007', '40000000-0000-0000-0000-000000000001', 'MULTI_SELECT', 'Python temel avantajları hangileridir?', '[{"id": "A", "text": "Okunabilir ve öğrenmesi kolay sözdizimi", "is_correct": true}, {"id": "B", "text": "Yalnızca Windows üzerinde çalışır", "is_correct": false}, {"id": "C", "text": "Geniş standart kütüphane ve topluluk paketleri", "is_correct": true}, {"id": "D", "text": "Derleme zorunluluğu olmadan çalıştırılamaz", "is_correct": false}]'::jsonb, 7, '2026-05-15 10:05:00', '2026-05-15 10:05:00'),
('50000000-0000-0000-0000-000000000008', '40000000-0000-0000-0000-000000000001', 'MULTIPLE_CHOICE', 'PEP 8 ne ile ilgilidir?', '[{"id": "A", "text": "Python kod stili ve biçimlendirme önerileri", "is_correct": true}, {"id": "B", "text": "Paket yükleme protokolü", "is_correct": false}, {"id": "C", "text": "Sanal ortam klasör adı", "is_correct": false}, {"id": "D", "text": "Veritabanı bağlantı dizesi biçimi", "is_correct": false}]'::jsonb, 8, '2026-05-15 10:05:00', '2026-05-15 10:05:00'),
('50000000-0000-0000-0000-000000000009', '40000000-0000-0000-0000-000000000001', 'MULTIPLE_CHOICE', 'Python paket yöneticisi hangisidir?', '[{"id": "A", "text": "pip", "is_correct": true}, {"id": "B", "text": "npm", "is_correct": false}, {"id": "C", "text": "composer", "is_correct": false}, {"id": "D", "text": "cargo", "is_correct": false}]'::jsonb, 9, '2026-05-15 10:05:00', '2026-05-15 10:05:00'),
('50000000-0000-0000-0000-000000000010', '40000000-0000-0000-0000-000000000001', 'MULTIPLE_CHOICE', 'Python değişkenleri ne zaman oluşturulur?', '[{"id": "A", "text": "İlk atama yapıldığında (dinamik tip)", "is_correct": true}, {"id": "B", "text": "Program derlenirken önceden bildirilmeli", "is_correct": false}, {"id": "C", "text": "Yalnızca fonksiyon dışında", "is_correct": false}, {"id": "D", "text": "Dosya adıyla aynı olmalı", "is_correct": false}]'::jsonb, 10, '2026-05-15 10:05:00', '2026-05-15 10:05:00'),
('50000000-0000-0000-0000-000000000011', '40000000-0000-0000-0000-000000000002', 'MULTIPLE_CHOICE', 'if bloğu hangi amaçla kullanılır?', '[{"id": "A", "text": "Koşula bağlı olarak kod yürütmek", "is_correct": true}, {"id": "B", "text": "Sonsuz döngü oluşturmak", "is_correct": false}, {"id": "C", "text": "Dosya adını değiştirmek", "is_correct": false}, {"id": "D", "text": "Modül dışa aktarmak", "is_correct": false}]'::jsonb, 1, '2026-05-15 10:05:00', '2026-05-15 10:05:00'),
('50000000-0000-0000-0000-000000000012', '40000000-0000-0000-0000-000000000002', 'MULTIPLE_CHOICE', 'for döngüsü en çok hangi durumda kullanılır?', '[{"id": "A", "text": "Bir dizi veya yinelenebilir üzerinde eleman eleman gezmek", "is_correct": true}, {"id": "B", "text": "Yalnızca iki kez çalışacak kod için", "is_correct": false}, {"id": "C", "text": "Ağ bağlantısını kesmek için", "is_correct": false}, {"id": "D", "text": "Hata yakalamak için", "is_correct": false}]'::jsonb, 2, '2026-05-15 10:05:00', '2026-05-15 10:05:00'),
('50000000-0000-0000-0000-000000000013', '40000000-0000-0000-0000-000000000002', 'TRUE_FALSE', 'while döngüsü koşul doğru olduğu sürece çalışır.', '[{"id": "A", "text": "İfade doğrudur", "is_correct": true}, {"id": "B", "text": "İfade yanlıştır", "is_correct": false}, {"id": "C", "text": "—", "is_correct": false}, {"id": "D", "text": "—", "is_correct": false}]'::jsonb, 3, '2026-05-15 10:05:00', '2026-05-15 10:05:00'),
('50000000-0000-0000-0000-000000000014', '40000000-0000-0000-0000-000000000002', 'MULTI_SELECT', 'Fonksiyonların faydaları hangileridir?', '[{"id": "A", "text": "Kod tekrarını azaltmak", "is_correct": true}, {"id": "B", "text": "Değişkenleri otomatik silmek", "is_correct": false}, {"id": "C", "text": "İşi küçük, test edilebilir parçalara bölmek", "is_correct": true}, {"id": "D", "text": "Ağ hızını artırmak", "is_correct": false}]'::jsonb, 4, '2026-05-15 10:05:00', '2026-05-15 10:05:00'),
('50000000-0000-0000-0000-000000000015', '40000000-0000-0000-0000-000000000002', 'MULTIPLE_CHOICE', 'return ifadesi ne yapar?', '[{"id": "A", "text": "Fonksiyondan değer döndürür ve çağrıyı sonlandırır", "is_correct": true}, {"id": "B", "text": "Döngüyü bir sonraki yinelemeye atlar", "is_correct": false}, {"id": "C", "text": "Dosyayı kaydeder", "is_correct": false}, {"id": "D", "text": "Modül yükler", "is_correct": false}]'::jsonb, 5, '2026-05-15 10:05:00', '2026-05-15 10:05:00'),
('50000000-0000-0000-0000-000000000016', '40000000-0000-0000-0000-000000000002', 'TRUE_FALSE', 'Fonksiyonlar kod tekrarını artırmak için kullanılır.', '[{"id": "A", "text": "İfade doğrudur", "is_correct": false}, {"id": "B", "text": "İfade yanlıştır", "is_correct": true}, {"id": "C", "text": "—", "is_correct": false}, {"id": "D", "text": "—", "is_correct": false}]'::jsonb, 6, '2026-05-15 10:05:00', '2026-05-15 10:05:00'),
('50000000-0000-0000-0000-000000000017', '40000000-0000-0000-0000-000000000002', 'MULTI_SELECT', 'Döngüler hangi durumlarda işe yarar?', '[{"id": "A", "text": "Koleksiyon üzerinde işlem yapmak", "is_correct": true}, {"id": "B", "text": "Tek satırlık sabit atamak", "is_correct": false}, {"id": "C", "text": "Koşul sağlandığı sürece tekrarlamak", "is_correct": true}, {"id": "D", "text": "Yorum satırı eklemek", "is_correct": false}]'::jsonb, 7, '2026-05-15 10:05:00', '2026-05-15 10:05:00'),
('50000000-0000-0000-0000-000000000018', '40000000-0000-0000-0000-000000000002', 'MULTIPLE_CHOICE', 'break komutu ne için kullanılır?', '[{"id": "A", "text": "İçinde bulunulan döngüyü anında sonlandırmak", "is_correct": true}, {"id": "B", "text": "Fonksiyon tanımını silmek", "is_correct": false}, {"id": "C", "text": "Bir sonraki modüle geçmek", "is_correct": false}, {"id": "D", "text": "Değişkeni sıfırlamak", "is_correct": false}]'::jsonb, 8, '2026-05-15 10:05:00', '2026-05-15 10:05:00'),
('50000000-0000-0000-0000-000000000019', '40000000-0000-0000-0000-000000000002', 'MULTIPLE_CHOICE', 'continue komutu ne yapar?', '[{"id": "A", "text": "Döngünün kalanını atlayıp bir sonraki yinelemeye geçer", "is_correct": true}, {"id": "B", "text": "Programı tamamen durdurur", "is_correct": false}, {"id": "C", "text": "Fonksiyondan değer döndürür", "is_correct": false}, {"id": "D", "text": "Dosyayı kapatır", "is_correct": false}]'::jsonb, 9, '2026-05-15 10:05:00', '2026-05-15 10:05:00'),
('50000000-0000-0000-0000-000000000020', '40000000-0000-0000-0000-000000000002', 'MULTIPLE_CHOICE', 'Parametre neyi ifade eder?', '[{"id": "A", "text": "Fonksiyona çağrı sırasında iletilen girdi değişkeni", "is_correct": true}, {"id": "B", "text": "Yalnızca global sabit", "is_correct": false}, {"id": "C", "text": "Dosya uzantısı", "is_correct": false}, {"id": "D", "text": "Sınıf adı", "is_correct": false}]'::jsonb, 10, '2026-05-15 10:05:00', '2026-05-15 10:05:00'),
('50000000-0000-0000-0000-000000000021', '40000000-0000-0000-0000-000000000003', 'MULTIPLE_CHOICE', 'Liste veri yapısı hangi amaçla kullanılır?', '[{"id": "A", "text": "Sıralı öğe koleksiyonu tutmak ve indekslemek", "is_correct": true}, {"id": "B", "text": "Anahtar-değer eşlemesi", "is_correct": false}, {"id": "C", "text": "Benzersiz eleman kümesi", "is_correct": false}, {"id": "D", "text": "İkili ağaç yapısı", "is_correct": false}]'::jsonb, 1, '2026-05-15 10:05:00', '2026-05-15 10:05:00'),
('50000000-0000-0000-0000-000000000022', '40000000-0000-0000-0000-000000000003', 'MULTIPLE_CHOICE', 'Sözlük yapısı hangi eşleşmeyi tutar?', '[{"id": "A", "text": "Anahtar ve değer çiftleri", "is_correct": true}, {"id": "B", "text": "Yalnızca sayı dizisi", "is_correct": false}, {"id": "C", "text": "Sabit uzunluklu karakter dizisi", "is_correct": false}, {"id": "D", "text": "İş parçacığı kuyruğu", "is_correct": false}]'::jsonb, 2, '2026-05-15 10:05:00', '2026-05-15 10:05:00'),
('50000000-0000-0000-0000-000000000023', '40000000-0000-0000-0000-000000000003', 'TRUE_FALSE', 'Tuple değiştirilemez bir veri yapısıdır.', '[{"id": "A", "text": "İfade doğrudur", "is_correct": true}, {"id": "B", "text": "İfade yanlıştır", "is_correct": false}, {"id": "C", "text": "—", "is_correct": false}, {"id": "D", "text": "—", "is_correct": false}]'::jsonb, 3, '2026-05-15 10:05:00', '2026-05-15 10:05:00'),
('50000000-0000-0000-0000-000000000024', '40000000-0000-0000-0000-000000000003', 'MULTI_SELECT', 'Dosya işlemlerinde hangi adımlar önemlidir?', '[{"id": "A", "text": "Dosyayı uygun mod ile açmak", "is_correct": true}, {"id": "B", "text": "İşletim sistemini yeniden kurmak", "is_correct": false}, {"id": "C", "text": "İş bitince dosyayı kapatmak veya with kullanmak", "is_correct": true}, {"id": "D", "text": "Ağ kablosunu çıkarmak", "is_correct": false}]'::jsonb, 4, '2026-05-15 10:05:00', '2026-05-15 10:05:00'),
('50000000-0000-0000-0000-000000000025', '40000000-0000-0000-0000-000000000003', 'MULTIPLE_CHOICE', 'append metodu ne yapar?', '[{"id": "A", "text": "Listenin sonuna öğe ekler", "is_correct": true}, {"id": "B", "text": "Listenin başına ekler", "is_correct": false}, {"id": "C", "text": "Listeyi sıralar", "is_correct": false}, {"id": "D", "text": "Listeyi kopyalar", "is_correct": false}]'::jsonb, 5, '2026-05-15 10:05:00', '2026-05-15 10:05:00'),
('50000000-0000-0000-0000-000000000026', '40000000-0000-0000-0000-000000000003', 'TRUE_FALSE', 'Sözlüklerde anahtarlar her zaman tekrar edebilir.', '[{"id": "A", "text": "İfade doğrudur", "is_correct": false}, {"id": "B", "text": "İfade yanlıştır", "is_correct": true}, {"id": "C", "text": "—", "is_correct": false}, {"id": "D", "text": "—", "is_correct": false}]'::jsonb, 6, '2026-05-15 10:05:00', '2026-05-15 10:05:00'),
('50000000-0000-0000-0000-000000000027', '40000000-0000-0000-0000-000000000003', 'MULTI_SELECT', 'Python koleksiyon tipleri hangileridir?', '[{"id": "A", "text": "list", "is_correct": true}, {"id": "B", "text": "int sabit boyutlu bit alanı", "is_correct": false}, {"id": "C", "text": "dict", "is_correct": true}, {"id": "D", "text": "register", "is_correct": false}]'::jsonb, 7, '2026-05-15 10:05:00', '2026-05-15 10:05:00'),
('50000000-0000-0000-0000-000000000028', '40000000-0000-0000-0000-000000000003', 'MULTIPLE_CHOICE', 'open fonksiyonu ne için kullanılır?', '[{"id": "A", "text": "Dosyayı okuma veya yazma için açmak", "is_correct": true}, {"id": "B", "text": "URL önbelleğini temizlemek", "is_correct": false}, {"id": "C", "text": "Modül yüklemek", "is_correct": false}, {"id": "D", "text": "Soket dinlemek", "is_correct": false}]'::jsonb, 8, '2026-05-15 10:05:00', '2026-05-15 10:05:00'),
('50000000-0000-0000-0000-000000000029', '40000000-0000-0000-0000-000000000003', 'MULTIPLE_CHOICE', 'JSON verisi en çok neyi temsil eder?', '[{"id": "A", "text": "Yapılandırılmış veri (nesne ve dizi)", "is_correct": true}, {"id": "B", "text": "İkili çalıştırılabilir dosya", "is_correct": false}, {"id": "C", "text": "Görüntü piksel matrisi", "is_correct": false}, {"id": "D", "text": "SQL tablo motoru", "is_correct": false}]'::jsonb, 9, '2026-05-15 10:05:00', '2026-05-15 10:05:00'),
('50000000-0000-0000-0000-000000000030', '40000000-0000-0000-0000-000000000003', 'MULTIPLE_CHOICE', 'Set veri yapısı hangi özelliğe sahiptir?', '[{"id": "A", "text": "Benzersiz elemanlar tutar", "is_correct": true}, {"id": "B", "text": "Aynı anahtarı iki kez saklayabilir", "is_correct": false}, {"id": "C", "text": "Sıralı indeks zorunludur", "is_correct": false}, {"id": "D", "text": "Yalnızca metin sabitleri", "is_correct": false}]'::jsonb, 10, '2026-05-15 10:05:00', '2026-05-15 10:05:00'),
('50000000-0000-0000-0000-000000000031', '40000000-0000-0000-0000-000000000004', 'MULTIPLE_CHOICE', 'Siber güvenliğin temel amacı nedir?', '[{"id": "A", "text": "Bilgi ve sistemleri tehditlere karşı korumak", "is_correct": true}, {"id": "B", "text": "Tüm ağ trafiğini engellemek", "is_correct": false}, {"id": "C", "text": "Yalnızca donanım fiyatını düşürmek", "is_correct": false}, {"id": "D", "text": "Kullanıcı şifrelerini paylaşmak", "is_correct": false}]'::jsonb, 1, '2026-05-15 10:05:00', '2026-05-15 10:05:00'),
('50000000-0000-0000-0000-000000000032', '40000000-0000-0000-0000-000000000004', 'MULTIPLE_CHOICE', 'CIA üçlüsünde C neyi ifade eder?', '[{"id": "A", "text": "Gizlilik (Confidentiality)", "is_correct": true}, {"id": "B", "text": "Önbellek (Cache)", "is_correct": false}, {"id": "C", "text": "Derleyici (Compiler)", "is_correct": false}, {"id": "D", "text": "İstemci (Client)", "is_correct": false}]'::jsonb, 2, '2026-05-15 10:05:00', '2026-05-15 10:05:00'),
('50000000-0000-0000-0000-000000000033', '40000000-0000-0000-0000-000000000004', 'TRUE_FALSE', 'Güvenlik riskleri tehdit ve zafiyetlerle ilişkilidir.', '[{"id": "A", "text": "İfade doğrudur", "is_correct": true}, {"id": "B", "text": "İfade yanlıştır", "is_correct": false}, {"id": "C", "text": "—", "is_correct": false}, {"id": "D", "text": "—", "is_correct": false}]'::jsonb, 3, '2026-05-15 10:05:00', '2026-05-15 10:05:00'),
('50000000-0000-0000-0000-000000000034', '40000000-0000-0000-0000-000000000004', 'MULTI_SELECT', 'Temel güvenlik hedefleri hangileridir?', '[{"id": "A", "text": "Gizlilik", "is_correct": true}, {"id": "B", "text": "Sınırsız anonim erişim", "is_correct": false}, {"id": "C", "text": "Bütünlük", "is_correct": true}, {"id": "D", "text": "Zararlı yazılım yayma", "is_correct": false}]'::jsonb, 4, '2026-05-15 10:05:00', '2026-05-15 10:05:00'),
('50000000-0000-0000-0000-000000000035', '40000000-0000-0000-0000-000000000004', 'MULTIPLE_CHOICE', 'Zafiyet neyi ifade eder?', '[{"id": "A", "text": "Sistemin istismar edilebilecek zayıf noktası", "is_correct": true}, {"id": "B", "text": "Başarılı yedekleme politikası", "is_correct": false}, {"id": "C", "text": "Güçlü parola kuralı", "is_correct": false}, {"id": "D", "text": "İki faktörlü doğrulama", "is_correct": false}]'::jsonb, 5, '2026-05-15 10:05:00', '2026-05-15 10:05:00'),
('50000000-0000-0000-0000-000000000036', '40000000-0000-0000-0000-000000000004', 'TRUE_FALSE', 'Güvenlik politikaları kurumsal standartları destekler.', '[{"id": "A", "text": "İfade doğrudur", "is_correct": true}, {"id": "B", "text": "İfade yanlıştır", "is_correct": false}, {"id": "C", "text": "—", "is_correct": false}, {"id": "D", "text": "—", "is_correct": false}]'::jsonb, 6, '2026-05-15 10:05:00', '2026-05-15 10:05:00'),
('50000000-0000-0000-0000-000000000037', '40000000-0000-0000-0000-000000000004', 'MULTI_SELECT', 'Saldırı yüzeyini azaltan yaklaşımlar hangileridir?', '[{"id": "A", "text": "Gereksiz servisleri kapatmak", "is_correct": true}, {"id": "B", "text": "Tüm portları herkese açmak", "is_correct": false}, {"id": "C", "text": "Düzenli yama ve güncelleme", "is_correct": true}, {"id": "D", "text": "Varsayılan şifreleri değiştirmemek", "is_correct": false}]'::jsonb, 7, '2026-05-15 10:05:00', '2026-05-15 10:05:00'),
('50000000-0000-0000-0000-000000000038', '40000000-0000-0000-0000-000000000004', 'MULTIPLE_CHOICE', 'Kimlik doğrulama neyi kanıtlar?', '[{"id": "A", "text": "Kullanıcının iddia ettiği kişi olduğunu", "is_correct": true}, {"id": "B", "text": "Hangi kaynağa erişilebileceğini", "is_correct": false}, {"id": "C", "text": "Verinin şifrelenip şifrelenmediğini", "is_correct": false}, {"id": "D", "text": "Disk doluluk oranını", "is_correct": false}]'::jsonb, 8, '2026-05-15 10:05:00', '2026-05-15 10:05:00'),
('50000000-0000-0000-0000-000000000039', '40000000-0000-0000-0000-000000000004', 'MULTIPLE_CHOICE', 'Yetkilendirme ne zaman devreye girer?', '[{"id": "A", "text": "Kimlik doğrulandıktan sonra izinleri belirlerken", "is_correct": true}, {"id": "B", "text": "DNS çözümlemesi sırasında", "is_correct": false}, {"id": "C", "text": "Monitör parlaklığı ayarlanırken", "is_correct": false}, {"id": "D", "text": "Önyükleme sırasında donanım keşfi", "is_correct": false}]'::jsonb, 9, '2026-05-15 10:05:00', '2026-05-15 10:05:00'),
('50000000-0000-0000-0000-000000000040', '40000000-0000-0000-0000-000000000004', 'MULTIPLE_CHOICE', 'Risk analizi ne için yapılır?', '[{"id": "A", "text": "Tehditleri ve etkileri önceliklendirip azaltım planlamak", "is_correct": true}, {"id": "B", "text": "Kullanıcı arayüzü rengini seçmek", "is_correct": false}, {"id": "C", "text": "Logo tasarımı", "is_correct": false}, {"id": "D", "text": "CPU saat hızını artırmak", "is_correct": false}]'::jsonb, 10, '2026-05-15 10:05:00', '2026-05-15 10:05:00'),
('50000000-0000-0000-0000-000000000041', '40000000-0000-0000-0000-000000000005', 'MULTIPLE_CHOICE', 'TCP/IP modeli neyi açıklar?', '[{"id": "A", "text": "Ağ üzerinden iletişim katmanlarını", "is_correct": true}, {"id": "B", "text": "Yalnızca dosya sıkıştırma algoritmasını", "is_correct": false}, {"id": "C", "text": "Veritabanı normalizasyonunu", "is_correct": false}, {"id": "D", "text": "Görüntü çözünürlüğünü", "is_correct": false}]'::jsonb, 1, '2026-05-15 10:05:00', '2026-05-15 10:05:00'),
('50000000-0000-0000-0000-000000000042', '40000000-0000-0000-0000-000000000005', 'MULTIPLE_CHOICE', 'Firewall hangi amaçla kullanılır?', '[{"id": "A", "text": "Ağ trafiğini kurallara göre filtrelemek", "is_correct": true}, {"id": "B", "text": "Ekran koruyucu göstermek", "is_correct": false}, {"id": "C", "text": "Ses kartı sürücüsü yüklemek", "is_correct": false}, {"id": "D", "text": "Klavye düzenini değiştirmek", "is_correct": false}]'::jsonb, 2, '2026-05-15 10:05:00', '2026-05-15 10:05:00'),
('50000000-0000-0000-0000-000000000043', '40000000-0000-0000-0000-000000000005', 'TRUE_FALSE', 'Port numaraları servisleri ayırt etmeye yardımcı olur.', '[{"id": "A", "text": "İfade doğrudur", "is_correct": true}, {"id": "B", "text": "İfade yanlıştır", "is_correct": false}, {"id": "C", "text": "—", "is_correct": false}, {"id": "D", "text": "—", "is_correct": false}]'::jsonb, 3, '2026-05-15 10:05:00', '2026-05-15 10:05:00'),
('50000000-0000-0000-0000-000000000044', '40000000-0000-0000-0000-000000000005', 'MULTI_SELECT', 'Ağ güvenliğinde hangi önlemler kullanılabilir?', '[{"id": "A", "text": "Segmentasyon ve erişim listeleri", "is_correct": true}, {"id": "B", "text": "Tüm trafiği şifrelemeden iletmek", "is_correct": false}, {"id": "C", "text": "IDS/IPS ve loglama", "is_correct": true}, {"id": "D", "text": "Varsayılan yönetici parolasını bırakmak", "is_correct": false}]'::jsonb, 4, '2026-05-15 10:05:00', '2026-05-15 10:05:00'),
('50000000-0000-0000-0000-000000000045', '40000000-0000-0000-0000-000000000005', 'MULTIPLE_CHOICE', 'VPN ne sağlar?', '[{"id": "A", "text": "Uçtan uca şifreli tünel üzerinden güvenli iletişim", "is_correct": true}, {"id": "B", "text": "İşlemci sıcaklığını düşürür", "is_correct": false}, {"id": "C", "text": "Dosya uzantısını değiştirir", "is_correct": false}, {"id": "D", "text": "RAM boyutunu artırır", "is_correct": false}]'::jsonb, 5, '2026-05-15 10:05:00', '2026-05-15 10:05:00'),
('50000000-0000-0000-0000-000000000046', '40000000-0000-0000-0000-000000000005', 'TRUE_FALSE', 'Şifrelenmemiş trafik kolayca incelenebilir.', '[{"id": "A", "text": "İfade doğrudur", "is_correct": true}, {"id": "B", "text": "İfade yanlıştır", "is_correct": false}, {"id": "C", "text": "—", "is_correct": false}, {"id": "D", "text": "—", "is_correct": false}]'::jsonb, 6, '2026-05-15 10:05:00', '2026-05-15 10:05:00'),
('50000000-0000-0000-0000-000000000047', '40000000-0000-0000-0000-000000000005', 'MULTI_SELECT', 'Trafik analizinde hangi bilgiler incelenebilir?', '[{"id": "A", "text": "Kaynak/hedef IP ve portlar", "is_correct": true}, {"id": "B", "text": "Monitör çözünürlüğü", "is_correct": false}, {"id": "C", "text": "Protokol ve paket boyutları", "is_correct": true}, {"id": "D", "text": "Kullanıcının masaüstü duvar kağıdı", "is_correct": false}]'::jsonb, 7, '2026-05-15 10:05:00', '2026-05-15 10:05:00'),
('50000000-0000-0000-0000-000000000048', '40000000-0000-0000-0000-000000000005', 'MULTIPLE_CHOICE', 'IDS neyi izler?', '[{"id": "A", "text": "Şüpheli ağ veya sistem aktivitelerini", "is_correct": true}, {"id": "B", "text": "Yalnızca fare imlecini", "is_correct": false}, {"id": "C", "text": "Tarayıcı geçmişini silmeyi", "is_correct": false}, {"id": "D", "text": "E-posta imzasını", "is_correct": false}]'::jsonb, 8, '2026-05-15 10:05:00', '2026-05-15 10:05:00'),
('50000000-0000-0000-0000-000000000049', '40000000-0000-0000-0000-000000000005', 'MULTIPLE_CHOICE', 'Subnet kavramı neyle ilgilidir?', '[{"id": "A", "text": "IP ağını daha küçük mantıksal parçalara bölmek", "is_correct": true}, {"id": "B", "text": "Ses dosyası sıkıştırma", "is_correct": false}, {"id": "C", "text": "USB bellek biçimlendirme", "is_correct": false}, {"id": "D", "text": "CSS grid düzeni", "is_correct": false}]'::jsonb, 9, '2026-05-15 10:05:00', '2026-05-15 10:05:00'),
('50000000-0000-0000-0000-000000000050', '40000000-0000-0000-0000-000000000005', 'MULTIPLE_CHOICE', 'Log kayıtları neden önemlidir?', '[{"id": "A", "text": "Olayları izlemek ve soruşturmayı desteklemek", "is_correct": true}, {"id": "B", "text": "İnternet hızını garanti etmek", "is_correct": false}, {"id": "C", "text": "Ekran parlaklığını otomatik ayarlamak", "is_correct": false}, {"id": "D", "text": "Donanım garantisini uzatmak", "is_correct": false}]'::jsonb, 10, '2026-05-15 10:05:00', '2026-05-15 10:05:00'),
('50000000-0000-0000-0000-000000000051', '40000000-0000-0000-0000-000000000006', 'MULTIPLE_CHOICE', 'OWASP Top 10 neyi listeler?', '[{"id": "A", "text": "Web uygulamalarında yaygın riskleri", "is_correct": true}, {"id": "B", "text": "Donanım BIOS ayarlarını", "is_correct": false}, {"id": "C", "text": "Yalnızca mobil mağaza politikalarını", "is_correct": false}, {"id": "D", "text": "DNS kök sunucularını", "is_correct": false}]'::jsonb, 1, '2026-05-15 10:05:00', '2026-05-15 10:05:00'),
('50000000-0000-0000-0000-000000000052', '40000000-0000-0000-0000-000000000006', 'MULTIPLE_CHOICE', 'SQL Injection hangi katmanda görülür?', '[{"id": "A", "text": "Uygulama ve veritabanı etkileşimi (sorgu katmanı)", "is_correct": true}, {"id": "B", "text": "Yalnızca fiziksel ağ kablosu", "is_correct": false}, {"id": "C", "text": "GPU gölgelendirici", "is_correct": false}, {"id": "D", "text": "Monitör renk profili", "is_correct": false}]'::jsonb, 2, '2026-05-15 10:05:00', '2026-05-15 10:05:00'),
('50000000-0000-0000-0000-000000000053', '40000000-0000-0000-0000-000000000006', 'TRUE_FALSE', 'Parametreli sorgular SQL Injection riskini azaltır.', '[{"id": "A", "text": "İfade doğrudur", "is_correct": true}, {"id": "B", "text": "İfade yanlıştır", "is_correct": false}, {"id": "C", "text": "—", "is_correct": false}, {"id": "D", "text": "—", "is_correct": false}]'::jsonb, 3, '2026-05-15 10:05:00', '2026-05-15 10:05:00'),
('50000000-0000-0000-0000-000000000054', '40000000-0000-0000-0000-000000000006', 'MULTI_SELECT', 'Web güvenliğinde hangi riskler bulunur?', '[{"id": "A", "text": "XSS ve enjeksiyon saldırıları", "is_correct": true}, {"id": "B", "text": "Yalnızca ekran çözünürlüğü", "is_correct": false}, {"id": "C", "text": "CSRF ve oturum yönetimi hataları", "is_correct": true}, {"id": "D", "text": "Klavye kısayolu çakışması", "is_correct": false}]'::jsonb, 4, '2026-05-15 10:05:00', '2026-05-15 10:05:00'),
('50000000-0000-0000-0000-000000000055', '40000000-0000-0000-0000-000000000006', 'MULTIPLE_CHOICE', 'XSS saldırısı neyi hedefler?', '[{"id": "A", "text": "Tarayıcıda kötü amaçlı betik çalıştırmayı", "is_correct": true}, {"id": "B", "text": "Disk biçimlendirmeyi", "is_correct": false}, {"id": "C", "text": "CPU voltajını", "is_correct": false}, {"id": "D", "text": "Yazıcı toner seviyesini", "is_correct": false}]'::jsonb, 5, '2026-05-15 10:05:00', '2026-05-15 10:05:00'),
('50000000-0000-0000-0000-000000000056', '40000000-0000-0000-0000-000000000006', 'TRUE_FALSE', 'CSRF kullanıcı oturumundan faydalanabilir.', '[{"id": "A", "text": "İfade doğrudur", "is_correct": true}, {"id": "B", "text": "İfade yanlıştır", "is_correct": false}, {"id": "C", "text": "—", "is_correct": false}, {"id": "D", "text": "—", "is_correct": false}]'::jsonb, 6, '2026-05-15 10:05:00', '2026-05-15 10:05:00'),
('50000000-0000-0000-0000-000000000057', '40000000-0000-0000-0000-000000000006', 'MULTI_SELECT', 'Güvenli web geliştirme pratikleri hangileridir?', '[{"id": "A", "text": "Girdi doğrulama ve çıktı kodlama", "is_correct": true}, {"id": "B", "text": "Tüm gizli anahtarları istemciye gömmek", "is_correct": false}, {"id": "C", "text": "HTTPS ve güvenli çerez bayrakları", "is_correct": true}, {"id": "D", "text": "Üretimde hata ayıklama ayrıntılarını açık bırakmak", "is_correct": false}]'::jsonb, 7, '2026-05-15 10:05:00', '2026-05-15 10:05:00'),
('50000000-0000-0000-0000-000000000058', '40000000-0000-0000-0000-000000000006', 'MULTIPLE_CHOICE', 'Input doğrulama neyi azaltır?', '[{"id": "A", "text": "Enjeksiyon ve beklenmeyen girdi riskini", "is_correct": true}, {"id": "B", "text": "Ekran parlaklığını", "is_correct": false}, {"id": "C", "text": "RAM kapasitesini", "is_correct": false}, {"id": "D", "text": "İşletim sistemi lisansını", "is_correct": false}]'::jsonb, 8, '2026-05-15 10:05:00', '2026-05-15 10:05:00'),
('50000000-0000-0000-0000-000000000059', '40000000-0000-0000-0000-000000000006', 'MULTIPLE_CHOICE', 'HTTPS ne sağlar?', '[{"id": "A", "text": "Uygulama katmanında şifreli ve bütünlük korumalı iletişim", "is_correct": true}, {"id": "B", "text": "Dosya sıkıştırma", "is_correct": false}, {"id": "C", "text": "Yalnızca e-posta imzası", "is_correct": false}, {"id": "D", "text": "CPU soğutucu montajı", "is_correct": false}]'::jsonb, 9, '2026-05-15 10:05:00', '2026-05-15 10:05:00'),
('50000000-0000-0000-0000-000000000060', '40000000-0000-0000-0000-000000000006', 'MULTIPLE_CHOICE', 'Yetkisiz erişim nasıl azaltılır?', '[{"id": "A", "text": "En az ayrıcalık ve rol tabanlı kontrollerle", "is_correct": true}, {"id": "B", "text": "Tüm kullanıcılara yönetici vermek", "is_correct": false}, {"id": "C", "text": "Günlükleri kapatmak", "is_correct": false}, {"id": "D", "text": "Parola politikası olmaması", "is_correct": false}]'::jsonb, 10, '2026-05-15 10:05:00', '2026-05-15 10:05:00'),
('50000000-0000-0000-0000-000000000061', '40000000-0000-0000-0000-000000000007', 'MULTIPLE_CHOICE', 'Mobil uygulama geliştirme neyi hedefler?', '[{"id": "A", "text": "Mobil cihazlar için yazılım üretmek", "is_correct": true}, {"id": "B", "text": "Yalnızca sunucu raflarını boyamak", "is_correct": false}, {"id": "C", "text": "Veritabanını fiziksel taşımak", "is_correct": false}, {"id": "D", "text": "Ağ anahtarını sıfırlamak", "is_correct": false}]'::jsonb, 1, '2026-05-15 10:05:00', '2026-05-15 10:05:00'),
('50000000-0000-0000-0000-000000000062', '40000000-0000-0000-0000-000000000007', 'MULTIPLE_CHOICE', 'Çapraz platform geliştirme ne sağlar?', '[{"id": "A", "text": "Tek kod tabanıyla birden fazla platforma dağıtım", "is_correct": true}, {"id": "B", "text": "Yalnızca tek marka telefonda çalışma", "is_correct": false}, {"id": "C", "text": "Donanım garantisini iptal", "is_correct": false}, {"id": "D", "text": "Ağ DNS kaydı silme", "is_correct": false}]'::jsonb, 2, '2026-05-15 10:05:00', '2026-05-15 10:05:00'),
('50000000-0000-0000-0000-000000000063', '40000000-0000-0000-0000-000000000007', 'TRUE_FALSE', 'Emülatör mobil uygulamayı test etmek için kullanılabilir.', '[{"id": "A", "text": "İfade doğrudur", "is_correct": true}, {"id": "B", "text": "İfade yanlıştır", "is_correct": false}, {"id": "C", "text": "—", "is_correct": false}, {"id": "D", "text": "—", "is_correct": false}]'::jsonb, 3, '2026-05-15 10:05:00', '2026-05-15 10:05:00'),
('50000000-0000-0000-0000-000000000064', '40000000-0000-0000-0000-000000000007', 'MULTI_SELECT', 'Mobil proje kurulumunda hangi araçlar gerekir?', '[{"id": "A", "text": "SDK ve derleyici/IDE", "is_correct": true}, {"id": "B", "text": "Yalnızca hesap makinesi", "is_correct": false}, {"id": "C", "text": "Emülatör veya fiziksel cihaz", "is_correct": true}, {"id": "D", "text": "Tarayıcı yer imleri", "is_correct": false}]'::jsonb, 4, '2026-05-15 10:05:00', '2026-05-15 10:05:00'),
('50000000-0000-0000-0000-000000000065', '40000000-0000-0000-0000-000000000007', 'MULTIPLE_CHOICE', 'SDK ne için kullanılır?', '[{"id": "A", "text": "Platform API ve araçlarını uygulamaya dahil etmek", "is_correct": true}, {"id": "B", "text": "Ekran koruyucu seçmek", "is_correct": false}, {"id": "C", "text": "DNS önbelleğini temizlemek", "is_correct": false}, {"id": "D", "text": "PDF yazdırmak", "is_correct": false}]'::jsonb, 5, '2026-05-15 10:05:00', '2026-05-15 10:05:00'),
('50000000-0000-0000-0000-000000000066', '40000000-0000-0000-0000-000000000007', 'TRUE_FALSE', 'Mobil uygulamalar hiçbir zaman API kullanmaz.', '[{"id": "A", "text": "İfade doğrudur", "is_correct": false}, {"id": "B", "text": "İfade yanlıştır", "is_correct": true}, {"id": "C", "text": "—", "is_correct": false}, {"id": "D", "text": "—", "is_correct": false}]'::jsonb, 6, '2026-05-15 10:05:00', '2026-05-15 10:05:00'),
('50000000-0000-0000-0000-000000000067', '40000000-0000-0000-0000-000000000007', 'MULTI_SELECT', 'Mobil uygulama yaşam döngüsünde hangi adımlar vardır?', '[{"id": "A", "text": "Geliştirme ve test", "is_correct": true}, {"id": "B", "text": "Yalnızca donanım lehimleme", "is_correct": false}, {"id": "C", "text": "Dağıtım ve izleme", "is_correct": true}, {"id": "D", "text": "Monitör kalibrasyonu", "is_correct": false}]'::jsonb, 7, '2026-05-15 10:05:00', '2026-05-15 10:05:00'),
('50000000-0000-0000-0000-000000000068', '40000000-0000-0000-0000-000000000007', 'MULTIPLE_CHOICE', 'Store yayını neyi ifade eder?', '[{"id": "A", "text": "Uygulamanın mağazada kullanıcılara sunulması", "is_correct": true}, {"id": "B", "text": "Yerel disk biçimlendirme", "is_correct": false}, {"id": "C", "text": "VPN kurulumu", "is_correct": false}, {"id": "D", "text": "BIOS güncellemesi", "is_correct": false}]'::jsonb, 8, '2026-05-15 10:05:00', '2026-05-15 10:05:00'),
('50000000-0000-0000-0000-000000000069', '40000000-0000-0000-0000-000000000007', 'MULTIPLE_CHOICE', 'Responsive tasarım ne sağlar?', '[{"id": "A", "text": "Farklı ekran boyutlarına uyumlu arayüz", "is_correct": true}, {"id": "B", "text": "Yalnızca sabit 320px genişlik", "is_correct": false}, {"id": "C", "text": "CPU saat hızını sabitler", "is_correct": false}, {"id": "D", "text": "Dosya silmeyi otomatikleştirir", "is_correct": false}]'::jsonb, 9, '2026-05-15 10:05:00', '2026-05-15 10:05:00'),
('50000000-0000-0000-0000-000000000070', '40000000-0000-0000-0000-000000000007', 'MULTIPLE_CHOICE', 'Hot reload hangi amaçla kullanılır?', '[{"id": "A", "text": "Kod değişince uygulamayı hızlıca yenilemek", "is_correct": true}, {"id": "B", "text": "Veritabanını sıfırlamak", "is_correct": false}, {"id": "C", "text": "Ağ kartını devre dışı bırakmak", "is_correct": false}, {"id": "D", "text": "SSL sertifikasını iptal etmek", "is_correct": false}]'::jsonb, 10, '2026-05-15 10:05:00', '2026-05-15 10:05:00'),
('50000000-0000-0000-0000-000000000071', '40000000-0000-0000-0000-000000000008', 'MULTIPLE_CHOICE', 'Flutter widget nedir?', '[{"id": "A", "text": "Arayüzün yapı taşı; ekranda görünen veya davranış sağlayan nesne", "is_correct": true}, {"id": "B", "text": "Yalnızca veritabanı tablosu", "is_correct": false}, {"id": "C", "text": "HTTP durum kodu", "is_correct": false}, {"id": "D", "text": "Gradle betik adı", "is_correct": false}]'::jsonb, 1, '2026-05-15 10:05:00', '2026-05-15 10:05:00'),
('50000000-0000-0000-0000-000000000072', '40000000-0000-0000-0000-000000000008', 'MULTIPLE_CHOICE', 'Column bileşeni ne yapar?', '[{"id": "A", "text": "Çocukları dikey olarak sıralar", "is_correct": true}, {"id": "B", "text": "Yatay kaydırma çubuğu ekler", "is_correct": false}, {"id": "C", "text": "Ağ isteği gönderir", "is_correct": false}, {"id": "D", "text": "Dosya siler", "is_correct": false}]'::jsonb, 2, '2026-05-15 10:05:00', '2026-05-15 10:05:00'),
('50000000-0000-0000-0000-000000000073', '40000000-0000-0000-0000-000000000008', 'TRUE_FALSE', 'Flutter arayüzleri widget ağacı ile oluşturulur.', '[{"id": "A", "text": "İfade doğrudur", "is_correct": true}, {"id": "B", "text": "İfade yanlıştır", "is_correct": false}, {"id": "C", "text": "—", "is_correct": false}, {"id": "D", "text": "—", "is_correct": false}]'::jsonb, 3, '2026-05-15 10:05:00', '2026-05-15 10:05:00'),
('50000000-0000-0000-0000-000000000074', '40000000-0000-0000-0000-000000000008', 'MULTI_SELECT', 'Arayüz tasarımında hangi öğeler önemlidir?', '[{"id": "A", "text": "Tipografi ve renk paleti", "is_correct": true}, {"id": "B", "text": "CPU seri numarası", "is_correct": false}, {"id": "C", "text": "Boşluk ve hizalama (spacing)", "is_correct": true}, {"id": "D", "text": "Ethernet kablosu rengi", "is_correct": false}]'::jsonb, 4, '2026-05-15 10:05:00', '2026-05-15 10:05:00'),
('50000000-0000-0000-0000-000000000075', '40000000-0000-0000-0000-000000000008', 'MULTIPLE_CHOICE', 'ThemeData ne için kullanılır?', '[{"id": "A", "text": "Uygulama genelinde tema (renk, yazı tipi vb.) tanımlamak", "is_correct": true}, {"id": "B", "text": "SQL indeksi oluşturmak", "is_correct": false}, {"id": "C", "text": "VPN tüneli açmak", "is_correct": false}, {"id": "D", "text": "DNS kaydı silmek", "is_correct": false}]'::jsonb, 5, '2026-05-15 10:05:00', '2026-05-15 10:05:00'),
('50000000-0000-0000-0000-000000000076', '40000000-0000-0000-0000-000000000008', 'TRUE_FALSE', 'Row bileşeni çocuklarını yatay yerleştirir.', '[{"id": "A", "text": "İfade doğrudur", "is_correct": true}, {"id": "B", "text": "İfade yanlıştır", "is_correct": false}, {"id": "C", "text": "—", "is_correct": false}, {"id": "D", "text": "—", "is_correct": false}]'::jsonb, 6, '2026-05-15 10:05:00', '2026-05-15 10:05:00'),
('50000000-0000-0000-0000-000000000077', '40000000-0000-0000-0000-000000000008', 'MULTI_SELECT', 'Flutter layout bileşenleri hangileridir?', '[{"id": "A", "text": "Row", "is_correct": true}, {"id": "B", "text": "JPEG codec", "is_correct": false}, {"id": "C", "text": "Column", "is_correct": true}, {"id": "D", "text": "SMTP sunucusu", "is_correct": false}]'::jsonb, 7, '2026-05-15 10:05:00', '2026-05-15 10:05:00'),
('50000000-0000-0000-0000-000000000078', '40000000-0000-0000-0000-000000000008', 'MULTIPLE_CHOICE', 'StatefulWidget neyi temsil eder?', '[{"id": "A", "text": "Zamanla değişen durumu olan bileşen", "is_correct": true}, {"id": "B", "text": "Yalnızca salt okunur sabit metin", "is_correct": false}, {"id": "C", "text": "Veritabanı bağlantı dizesi", "is_correct": false}, {"id": "D", "text": "İşletim sistemi çekirdeği", "is_correct": false}]'::jsonb, 8, '2026-05-15 10:05:00', '2026-05-15 10:05:00'),
('50000000-0000-0000-0000-000000000079', '40000000-0000-0000-0000-000000000008', 'MULTIPLE_CHOICE', 'Padding bileşeni ne yapar?', '[{"id": "A", "text": "İçeride boşluk (kenar payı) ekler", "is_correct": true}, {"id": "B", "text": "Ağ kartını sıfırlar", "is_correct": false}, {"id": "C", "text": "Dosya şifreler", "is_correct": false}, {"id": "D", "text": "Sunucu başlatır", "is_correct": false}]'::jsonb, 9, '2026-05-15 10:05:00', '2026-05-15 10:05:00'),
('50000000-0000-0000-0000-000000000080', '40000000-0000-0000-0000-000000000008', 'MULTIPLE_CHOICE', 'MaterialApp ne sağlar?', '[{"id": "A", "text": "Material tasarım iskeleti ve yönlendirme giriş noktası", "is_correct": true}, {"id": "B", "text": "Yalnızca SQLite tablosu", "is_correct": false}, {"id": "C", "text": "Docker imajı", "is_correct": false}, {"id": "D", "text": "BIOS menüsü", "is_correct": false}]'::jsonb, 10, '2026-05-15 10:05:00', '2026-05-15 10:05:00'),
('50000000-0000-0000-0000-000000000081', '40000000-0000-0000-0000-000000000009', 'MULTIPLE_CHOICE', 'API entegrasyonu neyi sağlar?', '[{"id": "A", "text": "Uygulamanın uzak servislerle veri alışverişi yapması", "is_correct": true}, {"id": "B", "text": "Ekran çözünürlüğünü sabitlemek", "is_correct": false}, {"id": "C", "text": "Dosya sistemini şifrelemek", "is_correct": false}, {"id": "D", "text": "Klavye düzenini değiştirmek", "is_correct": false}]'::jsonb, 1, '2026-05-15 10:05:00', '2026-05-15 10:05:00'),
('50000000-0000-0000-0000-000000000082', '40000000-0000-0000-0000-000000000009', 'MULTIPLE_CHOICE', 'HTTP GET metodu ne için kullanılır?', '[{"id": "A", "text": "Kaynak okumak (genelde idempotent)", "is_correct": true}, {"id": "B", "text": "Parola hash üretmek", "is_correct": false}, {"id": "C", "text": "Dosyayı kalıcı silmek", "is_correct": false}, {"id": "D", "text": "Veritabanını yedeklemek", "is_correct": false}]'::jsonb, 2, '2026-05-15 10:05:00', '2026-05-15 10:05:00'),
('50000000-0000-0000-0000-000000000083', '40000000-0000-0000-0000-000000000009', 'TRUE_FALSE', 'JSON veri alışverişinde yaygın kullanılan bir formattır.', '[{"id": "A", "text": "İfade doğrudur", "is_correct": true}, {"id": "B", "text": "İfade yanlıştır", "is_correct": false}, {"id": "C", "text": "—", "is_correct": false}, {"id": "D", "text": "—", "is_correct": false}]'::jsonb, 3, '2026-05-15 10:05:00', '2026-05-15 10:05:00'),
('50000000-0000-0000-0000-000000000084', '40000000-0000-0000-0000-000000000009', 'MULTI_SELECT', 'API entegrasyonunda hangi konular önemlidir?', '[{"id": "A", "text": "Kimlik doğrulama ve yetkilendirme", "is_correct": true}, {"id": "B", "text": "Masaüstü duvar kağıdı çözünürlüğü", "is_correct": false}, {"id": "C", "text": "Hata yönetimi ve zaman aşımı", "is_correct": true}, {"id": "D", "text": "Fare pil seviyesi", "is_correct": false}]'::jsonb, 4, '2026-05-15 10:05:00', '2026-05-15 10:05:00'),
('50000000-0000-0000-0000-000000000085', '40000000-0000-0000-0000-000000000009', 'MULTIPLE_CHOICE', 'HTTP status code neyi belirtir?', '[{"id": "A", "text": "İsteğin sonucunu (başarı, yönlendirme, hata vb.)", "is_correct": true}, {"id": "B", "text": "CPU model adını", "is_correct": false}, {"id": "C", "text": "Monitör yenileme hızını", "is_correct": false}, {"id": "D", "text": "Dosya uzantısını", "is_correct": false}]'::jsonb, 5, '2026-05-15 10:05:00', '2026-05-15 10:05:00'),
('50000000-0000-0000-0000-000000000086', '40000000-0000-0000-0000-000000000009', 'TRUE_FALSE', 'Mobil uygulamalar internet verisini JSON ile işleyebilir.', '[{"id": "A", "text": "İfade doğrudur", "is_correct": true}, {"id": "B", "text": "İfade yanlıştır", "is_correct": false}, {"id": "C", "text": "—", "is_correct": false}, {"id": "D", "text": "—", "is_correct": false}]'::jsonb, 6, '2026-05-15 10:05:00', '2026-05-15 10:05:00'),
('50000000-0000-0000-0000-000000000087', '40000000-0000-0000-0000-000000000009', 'MULTI_SELECT', 'Hata yönetiminde hangi durumlar ele alınmalıdır?', '[{"id": "A", "text": "Ağ kesintisi ve zaman aşımı", "is_correct": true}, {"id": "B", "text": "Yalnızca ekran koruyucu süresi", "is_correct": false}, {"id": "C", "text": "4xx/5xx yanıtları ve yeniden deneme", "is_correct": true}, {"id": "D", "text": "İmleç şekli", "is_correct": false}]'::jsonb, 7, '2026-05-15 10:05:00', '2026-05-15 10:05:00'),
('50000000-0000-0000-0000-000000000088', '40000000-0000-0000-0000-000000000009', 'MULTIPLE_CHOICE', 'Model sınıfı ne için kullanılır?', '[{"id": "A", "text": "JSON alanlarını tip güvenli alanlara eşlemek", "is_correct": true}, {"id": "B", "text": "İşletim sistemini yüklemek", "is_correct": false}, {"id": "C", "text": "GPU sürücüsünü kaldırmak", "is_correct": false}, {"id": "D", "text": "DNS önbelleğini temizlemek", "is_correct": false}]'::jsonb, 8, '2026-05-15 10:05:00', '2026-05-15 10:05:00'),
('50000000-0000-0000-0000-000000000089', '40000000-0000-0000-0000-000000000009', 'MULTIPLE_CHOICE', 'State yönetimi neyi düzenler?', '[{"id": "A", "text": "Arayüzün gösterdiği verinin zaman içindeki değişimini", "is_correct": true}, {"id": "B", "text": "Disk birim harfini", "is_correct": false}, {"id": "C", "text": "Monitör kablosu tipini", "is_correct": false}, {"id": "D", "text": "SMTP port kilidini", "is_correct": false}]'::jsonb, 9, '2026-05-15 10:05:00', '2026-05-15 10:05:00'),
('50000000-0000-0000-0000-000000000090', '40000000-0000-0000-0000-000000000009', 'MULTIPLE_CHOICE', 'Token tabanlı doğrulama ne sağlar?', '[{"id": "A", "text": "Durumsuz isteklerde oturum benzeri kimlik kanıtı", "is_correct": true}, {"id": "B", "text": "Ekran parlaklığını artırır", "is_correct": false}, {"id": "C", "text": "Dosya sıkıştırma oranını", "is_correct": false}, {"id": "D", "text": "CPU voltajını düşürür", "is_correct": false}]'::jsonb, 10, '2026-05-15 10:05:00', '2026-05-15 10:05:00');

INSERT INTO public.enrollments (id, user_id, course_id, enrolled_at, completed_at, progress_percent, status) VALUES
('60000000-0000-0000-0000-000000000001', '00000000-0000-0000-0000-000000000003', '10000000-0000-0000-0000-000000000001', '2026-05-15 10:06:00', '2026-05-15 11:06:00', 100, 'completed');

INSERT INTO public.lesson_completions (id, user_id, lesson_id, completed_at) VALUES
('61000000-0000-0000-0000-000000000001', '00000000-0000-0000-0000-000000000003', '30000000-0000-0000-0000-000000000001', '2026-05-15 10:20:00'),
('61000000-0000-0000-0000-000000000002', '00000000-0000-0000-0000-000000000003', '30000000-0000-0000-0000-000000000002', '2026-05-15 10:40:00'),
('61000000-0000-0000-0000-000000000003', '00000000-0000-0000-0000-000000000003', '30000000-0000-0000-0000-000000000003', '2026-05-15 11:00:00');

INSERT INTO public.exam_attempts (id, user_id, exam_id, started_at, finished_at, score, is_passed, attempt_no, created_at) VALUES
('70000000-0000-0000-0000-000000000001', '00000000-0000-0000-0000-000000000003', '40000000-0000-0000-0000-000000000001', '2026-05-15 11:10:00', '2026-05-15 11:22:00', 100.00, true, 1, '2026-05-15 11:10:00');

INSERT INTO public.user_answers (id, attempt_id, question_id, selected_options, is_correct, earned_point, created_at) VALUES
('80000000-0000-0000-0000-000000000001', '70000000-0000-0000-0000-000000000001', '50000000-0000-0000-0000-000000000001', '["A"]'::jsonb, true, 1.00, '2026-05-15 11:22:00'),
('80000000-0000-0000-0000-000000000002', '70000000-0000-0000-0000-000000000001', '50000000-0000-0000-0000-000000000002', '["A"]'::jsonb, true, 1.00, '2026-05-15 11:22:00'),
('80000000-0000-0000-0000-000000000003', '70000000-0000-0000-0000-000000000001', '50000000-0000-0000-0000-000000000003', '["A"]'::jsonb, true, 1.00, '2026-05-15 11:22:00'),
('80000000-0000-0000-0000-000000000004', '70000000-0000-0000-0000-000000000001', '50000000-0000-0000-0000-000000000004', '["A", "C"]'::jsonb, true, 1.00, '2026-05-15 11:22:00'),
('80000000-0000-0000-0000-000000000005', '70000000-0000-0000-0000-000000000001', '50000000-0000-0000-0000-000000000005', '["A"]'::jsonb, true, 1.00, '2026-05-15 11:22:00'),
('80000000-0000-0000-0000-000000000006', '70000000-0000-0000-0000-000000000001', '50000000-0000-0000-0000-000000000006', '["B"]'::jsonb, true, 1.00, '2026-05-15 11:22:00'),
('80000000-0000-0000-0000-000000000007', '70000000-0000-0000-0000-000000000001', '50000000-0000-0000-0000-000000000007', '["A", "C"]'::jsonb, true, 1.00, '2026-05-15 11:22:00'),
('80000000-0000-0000-0000-000000000008', '70000000-0000-0000-0000-000000000001', '50000000-0000-0000-0000-000000000008', '["A"]'::jsonb, true, 1.00, '2026-05-15 11:22:00'),
('80000000-0000-0000-0000-000000000009', '70000000-0000-0000-0000-000000000001', '50000000-0000-0000-0000-000000000009', '["A"]'::jsonb, true, 1.00, '2026-05-15 11:22:00'),
('80000000-0000-0000-0000-000000000010', '70000000-0000-0000-0000-000000000001', '50000000-0000-0000-0000-000000000010', '["A"]'::jsonb, true, 1.00, '2026-05-15 11:22:00');

INSERT INTO public.certificates (id, user_id, course_id, certificate_number, certificate_url, issued_at) VALUES
('90000000-0000-0000-0000-000000000001', '00000000-0000-0000-0000-000000000003', '10000000-0000-0000-0000-000000000001', 'EDUCELL-2026-0001', 'https://example.com/certificates/EDUCELL-2026-0001.pdf', '2026-05-15 11:25:00');

-- SELECT COUNT(*) FROM courses;
-- SELECT COUNT(*) FROM modules;
-- SELECT COUNT(*) FROM lessons;
-- SELECT COUNT(*) FROM exams;
-- SELECT COUNT(*) FROM questions;
